Customer Name,Total_Sales,Total_Profit,Total_Quantity
Tom Ashbrook,40488.0708,6311.9791,284
Tamara Chand,37457.333,8672.898899999998,271
Greg Tran,35550.95428,5214.131179999999,310
Christopher Conant,35187.0764,5603.333699999999,287
Sean Miller,35170.93296,-409.706340000002,169
Bart Watters,32310.446500000002,3595.8858999999998,338
Natalie Fritzler,31781.2585,1542.8210999999994,325
Fred Hopkins,30400.67452,4609.29112,290
Jane Waco,30288.4503,6265.8457,298
Hunter Lopez,30243.56658,7816.567779999999,207
Sanjit Engle,30146.335020000002,6015.783919999999,299
Penelope Sewall,30081.6754,4338.8111,282
Peter Fuller,29875.99966,1063.2913599999993,280
Muhammed Yedwab,29642.66118,2642.65408,351
Raymond Buch,29602.1426,8453.0495,262
Susan Pistek,29020.60386,6484.40726,235
Zuschuss Carroll,28479.99226,436.936259999999,334
Bill Eplett,28479.167400000002,7410.0053,411
Harry Marie,28476.9376,6958.2864,313
Art Ferguson,28187.340500000002,2278.3037,326
Brosina Hoffman,28120.621,4876.939799999999,355
Eric Murdock,28084.40348,3306.01548,392
Daniel Raglin,27929.86492,6103.97292,289
Laura Armstrong,27862.4419,3962.3098,323
Todd Sumrall,27775.262,5093.9654,228
Becky Martin,27169.982699999997,-1096.9254000000024,293
Patrick O'Brill,26707.4562,3778.3637,370
Joe Kamberova,26688.762,4373.5003,330
Sanjit Chand,26521.132,8205.3799,244
Keith Dawkins,26451.2631,5486.1725,253
Laurel Beltran,26385.98522,4303.23822,316
Maria Etezadi,26247.217,3418.5584999999996,296
Brad Norvell,26201.95588,2124.05298,243
John Lee,25982.318,2393.0019999999995,295
John Huston,25945.7315,5395.8237,289
Dave Poirier,25900.7482,4600.1323,247
Steven Ward,25668.486,2794.7315999999996,383
Dave Brooks,25547.16966,3652.3608600000002,255
Anne McFarland,25522.3345,3238.5851,303
Christine Phan,25154.11928,1748.2813799999997,278
Adrian Barton,25123.18,6417.2845,265
Rick Wilson,25122.1225,5177.4288,265
Gary Zandusky,24705.325,3742.4388999999996,255
Aaron Bergman,24644.627500000002,4683.208,301
Gary Hwang,24625.593,3908.1151,377
Tom Boeckenhauer,24479.310999999998,4196.3499,283
Nathan Mautz,24276.9559,5789.1168,253
Phillip Breyer,24269.859,1403.958,319
Harry Greene,24216.45252,-291.49227999999977,343
Mike Pelletier,24214.4268,532.5997000000004,276
Ken Lonsdale,24129.4045,154.90049999999943,269
Barry Franz,24079.87166,1115.6705599999998,228
Patrick O'Donnell,24024.2098,4618.1191,275
Karen Daniels,24017.3275,2890.694699999999,246
Joy Bell-,24008.187120000002,2867.92322,325
Carol Adams,23993.6624,3279.0812999999994,200
Theone Pippenger,23959.02628,2073.88638,304
Justin Hirsh,23918.9014,3994.6644,283
Vivek Grady,23763.59116,4046.90616,209
David Philippe,23729.23412,834.5305200000001,260
Alan Hwang,23642.85018,4342.37078,292
Seth Vernon,23632.91948,2222.75368,317
Saphhira Shifley,23630.23104,-612.3282600000006,326
Jill Fjeld,23620.84866,4877.68546,274
Justin Deggeller,23611.61948,2625.31888,248
Bill Shonely,23508.65596,5968.907359999999,254
Dianna Wilson,23454.961600000002,5029.089199999999,312
Eugene Moren,23408.08226,3624.25176,346
Steve Chapman,23399.9425,2165.6836,293
Mike Gockenbach,23377.072200000002,6458.6762,185
Ben Ferrer,23219.760440000002,4135.10114,316
Juliana Krohn,23134.25284,1798.2473400000003,287
Emily Grady,23112.30168,2604.2372800000003,226
Mitch Webber,23068.5783,4086.5402999999997,273
Ralph Arnett,23043.113,2613.0752,263
Jennifer Ferguson,22944.48588,2666.8454800000004,235
Lena Radford,22902.741560000002,3371.7159599999995,224
Randy Bradley,22898.02462,4151.35242,299
Dean percer,22834.91032,3959.1641199999995,260
Jason Fortune-,22816.1923,2692.5272999999997,296
Chuck Sachs,22755.44428,2943.1095800000003,236
Darrin Van Huff,22746.33192,616.3249199999997,298
Nathan Gelder,22720.243540000003,4211.22484,243
Troy Staebel,22577.09,1719.5678999999998,313
Brian Stugart,22570.789,3612.8758,278
Denny Joy,22562.07114,3255.39614,232
Christopher Martinez,22463.58392,3010.0343199999998,198
Joe Elijah,22455.5689,3620.8884999999996,319
Michael Dominguez,22429.16074,3772.40044,250
Eugene Hildebrand,22420.533620000002,1660.3308200000004,287
John Murray,22386.214500000002,2318.1149000000005,292
Natalie Webber,22373.56906,3821.5380600000003,258
Corey Roper,22351.10268,2345.1220799999996,262
Stuart Van,22304.41318,978.6733800000002,227
Sarah Brown,22302.89772,1668.6541199999992,262
Dario Medina,22299.982920000002,2306.92722,266
Paul Prost,22243.2456,2687.7329999999997,302
John Grady,22223.766200000002,3280.7801,370
Theresa Coyne,22219.86906,3359.81226,332
Scot Coram,22127.775,3071.3679999999995,259
Cari Sayre,22064.3646,2915.3282,208
Denise Monton,22053.3105,-2597.8028999999997,240
Resi Pölking,22050.8875,1068.3838000000005,303
Ellis Ballard,21985.89694,5848.74774,174
Monica Federle,21942.8496,2573.3404,295
Rose O'Brian,21913.5415,868.8819000000003,291
Joel Eaton,21904.62896,1528.78066,276
Christina Anderson,21837.3069,3662.1180000000004,247
Alan Schoenberger,21836.4137,2503.6348,231
Matthew Clasen,21808.7967,3643.2892,288
Michael Moore,21733.684,2058.9089999999997,271
Adam Hart,21718.20142,1902.0334199999998,293
Maribeth Schnelling,21682.5467,3529.3421999999996,280
Cari MacIntyre,21606.226000000002,2484.686,266
Maria Bertelson,21603.93432,4622.34732,208
Mathew Reese,21571.9523,3711.2306,267
James Galang,21551.525999999998,4549.1004,272
Rob Dowd,21483.5079,3919.9697,301
Don Jones,21396.9779,4310.462,276
Russell Applegate,21395.85342,2164.1977199999997,267
Benjamin Venier,21365.942000000003,2819.7504,200
Nicole Hansen,21303.4483,4075.4648999999995,276
Edward Hooks,21270.298,671.1933999999997,307
Magdelene Morse,21224.07612,4380.72512,225
Liz Thompson,21221.767160000003,3146.42816,288
Alejandro Savely,21118.32446,2533.56606,273
Damala Kotsonis,20963.6977,2917.8504999999996,274
Joseph Holt,20936.8844,386.67819999999955,317
Sean Christensen,20903.902,462.27870000000024,257
Cindy Chapman,20869.68146,4034.85446,246
Rick Bensley,20853.6794,4066.4599999999996,329
Craig Reiter,20847.539760000003,1435.4373599999997,224
Joy Smith,20791.85098,-103.00052000000017,258
Aaron Hawkins,20759.51384,2450.92904,231
Tracy Blumstein,20708.28272,257.36161999999945,314
Bryan Mills,20691.1949,2512.6168,278
Julia West,20599.983,2950.0157,224
Jamie Frazer,20574.875500000002,1722.6054000000008,275
Sean Braxton,20513.9368,-1896.9793000000002,208
Janet Lee,20477.10164,4730.68904,253
Maureen Gastineau,20360.1221,741.1926999999997,279
Nick Zandusky,20270.28212,2091.27572,235
Delfina Latchford,20252.4705,2798.5357,304
Grant Thornton,20225.35784,-3577.9230599999996,182
Adam Bellavance,20186.7784,4979.9769,262
Yoseph Carroll,20164.3776,4347.1766,203
Charles McCrossin,20155.95942,746.6868199999997,176
Liz Carlisle,20127.52582,2847.60982,214
Toby Carlisle,20122.806099999998,1497.4768000000001,238
Carlos Daly,20117.9664,5028.9094,240
Dennis Kane,20105.314000000002,2965.5079,287
Tonja Turnell,20081.79746,2230.7893599999998,283
Harold Dahlen,20074.748199999998,2631.1922000000004,249
Art Foster,20066.15728,2971.23478,283
Charles Sheldon,20046.1943,4328.5768,246
Yana Sorensen,20032.438,3450.4063,215
Barry Gonzalez,20023.5634,1530.178,250
Joel Jenkins,19993.76708,1848.9862799999999,264
Grace Kelly,19980.3709,3495.2934,236
Irene Maddox,19918.16712,-680.3041800000002,318
Jim Mitchum,19897.39706,1798.53406,275
Arthur Gainer,19873.641760000002,1733.2471599999997,284
Kristen Hastings,19854.4741,2370.5742,309
Cynthia Arntzen,19836.361,3891.2644999999998,213
Steve Carroll,19821.84528,1708.7930800000001,258
Clay Ludtke,19783.77188,1323.4289799999997,284
Cathy Prescott,19769.5819,1750.5737000000001,253
Andrew Allen,19759.08278,2071.0881799999997,175
Olvera Toch,19758.81566,1831.0013599999997,262
Tony Sayre,19737.3623,2149.3462,219
Evan Minnotte,19673.67566,3647.45576,232
Katherine Nockton,19668.86634,4145.19254,209
Dana Kaydos,19632.759159999998,1363.5627599999998,242
Paul Stevenson,19618.35282,1834.1937200000002,260
Caroline Jumper,19579.564599999998,2417.5919999999996,222
Mike Vittorini,19572.0756,1360.0397999999998,223
Jonathan Doherty,19481.75822,1726.7910200000001,325
Dave Kipp,19452.4072,4080.5636999999997,214
Stefania Perrino,19413.238699999998,17.041500000001225,285
Kelly Collister,19403.023259999998,2358.1031599999997,196
Craig Leslie,19376.0248,2670.3287,248
Steven Roelle,19374.3,4387.3584,218
Valerie Takahito,19370.7481,1090.7831999999999,260
Ross Baird,19312.16934,2350.53014,310
Odella Nelson,19271.70624,2783.30724,262
Bruce Stewart,19237.2195,496.9591000000003,252
Sample Company A,19125.07302,18.425319999999896,309
Tim Brockman,19100.9267,3065.7062,305
Phillina Ober,19099.36688,-1026.1020200000005,259
Mitch Willingham,19003.8329,145.51289999999975,217
Brad Eason,18983.8353,978.0240999999999,243
Sally Hughsby,18951.65694,1795.3614400000001,293
Paul Van Hugh,18931.297000000002,4055.5694000000003,243
Lena Creighton,18886.9004,1172.5112999999997,248
Trudy Glocke,18880.3103,3096.2398000000003,288
Kelly Andreada,18879.78412,1401.3975200000004,301
Lisa Ryan,18796.9522,2449.1382999999996,243
Denny Ordway,18796.6155,4137.6354,252
Bill Stewart,18775.4363,1815.0301000000002,266
Alice McCarthy,18766.156600000002,2977.8523999999998,284
Ann Blume,18727.2131,1870.0106999999998,238
Benjamin Patterson,18708.6016,912.2121000000003,207
Giulietta Dortch,18705.692600000002,1888.1498999999997,218
Jack Lebron,18673.89914,1040.1775400000008,281
Pete Kriz,18661.6945,1664.5780999999997,251
Jeremy Pistek,18656.57396,3170.16016,266
Toby Swindell,18628.34548,2602.9645799999994,249
Larry Tron,18619.11294,4213.65294,189
Quincy Jones,18579.9741,2243.1929,213
Victoria Pisteka,18551.2255,2390.8626999999997,226
Arthur Prichep,18545.9403,3137.6156,284
Emily Ducich,18544.353,2572.4465,259
Alan Dominguez,18539.7928,1539.9922000000001,167
Katherine Murray,18519.15964,1451.08384,254
Jasper Cacioppo,18442.3896,337.7910000000005,264
Katharine Harms,18416.8525,3611.0256,221
Bobby Elias,18411.92896,3789.15606,225
Helen Wasserman,18374.026,2555.1131,235
Maureen Gnade,18326.2228,845.6976000000001,293
Ruben Dartt,18322.969,3330.6742,284
Raymond Messe,18317.127119999997,1855.4030199999997,210
Karen Ferguson,18265.020500000002,2385.1931000000004,209
Claudia Bergmann,18255.79284,2167.21744,241
Fred Wasserman,18193.5591,1683.7903999999999,234
Carl Ludwig,18183.15636,-164.2629400000006,215
Joseph Airdo,18162.6977,842.3299999999998,254
Erin Smith,18161.5498,2175.2918999999997,232
Shahid Shariari,18107.94198,131.51117999999946,224
Anna Häberlin,18094.05912,2466.01172,280
Giulietta Weimer,18070.2805,1199.0592,215
Kean Nguyen,18061.9801,2257.2164,240
Philip Fox,18026.4847,1908.8785999999998,249
Janet Martin,18018.66282,1664.6543199999994,244
Mitch Gastineau,18011.8396,1822.4353,218
Meg O'Connel,18003.3888,3104.0855,230
Christina DeMoss,17984.58838,2591.78178,265
Philisse Overcash,17984.2395,2175.7896,231
Shirley Daniels,17959.4079,3647.2210999999998,303
Maria Zettner,17958.1603,2254.5034,179
Denise Leinenbach,17940.981,2747.4922,281
Maxwell Schwartz,17921.49504,2851.78544,259
Matt Collins,17900.84106,1749.34736,277
Michael Stewart,17865.2162,1247.3462000000002,259
Maribeth Dona,17829.52532,1230.6333200000001,252
Michael Paige,17795.5907,1632.695,314
Frank Olsen,17772.661500000002,3023.7504,296
Michelle Tran,17772.3219,-1788.0441999999996,253
Anthony Jacobs,17757.0612,1172.2402,232
Darrin Martin,17732.321799999998,1991.7518999999998,268
Ritsa Hightower,17697.78,2002.8037,213
Shahid Collister,17678.88424,1692.3797399999999,330
Pamela Stobb,17632.7514,1293.1114000000002,252
Corey Catlett,17605.028,3003.011,212
David Kendrick,17561.585,2179.1376999999998,206
Rick Duston,17548.9209,3587.4449,236
Karl Braun,17500.47728,1785.86258,291
Brian Moss,17458.10208,4385.84518,248
Barry Weirich,17436.5359,3695.4033,216
Thomas Boland,17423.9244,2286.4019000000003,256
Noah Childs,17343.83758,2262.91458,212
Anthony Rawles,17339.9476,3117.6468,248
Anna Andreadi,17312.2147,2443.0930000000003,302
Logan Haushalter,17292.2398,1519.5309999999995,233
Filia McAdams,17289.0118,1394.0245999999997,237
Rob Lucas,17287.05048,2703.98888,220
Kean Takahito,17257.1602,987.5933999999997,312
Bryan Spruell,17252.0658,2783.2074,214
Ted Trevino,17245.3939,2320.3586,229
Stewart Visinsky,17232.3651,2182.7873,274
Jason Klamczynski,17204.23132,2022.38702,236
Henry Goldwyn,17165.2746,-1597.5109000000004,271
Amy Cox,17152.987399999998,3980.4112,143
Clytie Kelty,17143.14618,2373.63598,289
Elpida Rittenbach,17132.296,2585.7182,187
Henry MacAllister,17128.0896,2673.3390999999997,222
Jim Karlsson,17119.1711,3976.3415999999997,250
Julia Barnett,17086.93168,249.04518000000007,199
Scott Williamson,17045.5447,1044.1871999999998,255
Victoria Wilson,17038.5434,294.3808999999999,249
Kunst Miller,16969.674,2759.1904999999997,251
Debra Catini,16964.6539,865.3341,213
Dianna Vittorini,16948.69688,3342.7225799999997,218
Helen Abelman,16933.41844,-761.6941599999999,234
Brian Derr,16919.961300000003,2792.3093,242
Steven Cartwright,16919.91808,2066.0393799999997,324
Andrew Roberts,16916.52336,3561.75886,235
William Brown,16887.1932,2547.9022999999997,298
Keith Herrera,16884.736,2196.8332,281
Sara Luxemburg,16832.471,1899.9305,250
Craig Carroll,16817.9562,2249.8603,210
Ben Peterman,16806.64772,1343.95582,246
Tiffany House,16797.599,1656.2869999999998,196
Emily Phan,16771.30774,2103.96474,254
Linda Cazamias,16741.38396,2273.4239600000005,211
Deirdre Greer,16713.74,2374.3181,240
Dan Reichenbach,16706.8013,1984.3986000000002,309
Dionis Lloyd,16645.788,1560.868,206
Noel Staavos,16637.524,818.7195999999999,318
Denny Blanton,16632.63866,1958.55586,199
Nat Carroll,16613.309119999998,-460.8773800000008,246
Liz Preis,16609.5116,2122.698,239
Ken Black,16602.5295,1351.0226,266
Randy Ferguson,16599.2978,3093.955,232
Mary Zewe,16577.13784,1883.0421400000005,269
Chad McGuire,16565.3193,2442.3471999999997,160
Jonathan Howell,16546.7117,705.0602,270
Mark Cousins,16545.25618,2851.25848,268
Stewart Carmichael,16528.322079999998,318.0876800000004,308
Gary McGarr,16517.67788,1665.0138799999997,189
Sue Ann Reed,16495.05466,1354.70276,227
Max Jones,16484.553,2437.6298999999995,193
Patrick Gardner,16482.5046,1975.1888999999999,262
Maribeth Yedwab,16469.7212,3559.5072999999998,207
Alex Russell,16466.8682,2290.6598,209
Mick Brown,16447.73888,2595.96358,226
Rick Reed,16386.1966,-47.98280000000037,264
Frank Merwin,16385.02922,2601.29072,272
Andrew Gjertsen,16384.30206,2642.21386,302
Evan Henry,16378.28382,2281.51052,193
Sean O'Donnell,16366.44492,2407.04362,204
Anne Pryor,16361.7603,2992.7650999999996,244
Nora Pelletier,16358.2832,1559.0268999999998,244
Sam Zeldin,16356.526,2915.8473,262
Rick Hansen,16352.9586,1850.8902999999996,230
Robert Dilbeck,16339.7531,3965.8731,187
Richard Eichhorn,16339.188240000001,2391.41164,208
Jim Sink,16282.5795,2350.4863,255
Hunter Glantz,16214.418599999999,1532.9159,244
Aimee Bixby,16201.1746,2926.3543,208
Dave Hallsten,16192.3601,1681.8684999999998,270
Lela Donovan,16184.63858,1486.73868,260
Janet Molinari,16168.4657,2780.094,302
Jenna Caffey,16162.005920000001,1304.5623199999998,242
Ivan Gibson,16149.37398,1911.16818,234
Erica Bern,16119.2213,3030.7344000000003,250
Melanie Seite,16106.3013,2060.2844999999998,231
Eugene Barchas,16083.2243,2893.6638999999996,196
Logan Currie,16082.67376,1925.2869600000001,257
Sarah Jordon,16068.95068,2511.86098,290
Ted Butterfield,16026.84872,1559.2690199999997,326
Brenda Bowman,16004.79988,1738.8468799999994,238
Alex Avila,15990.669,983.2564999999997,165
Valerie Dominguez,15984.9224,2031.9158,235
Marc Crier,15981.0925,2113.4818999999998,212
Darren Powers,15976.372399999998,-517.4511999999996,275
Tony Molinari,15971.8783,1500.9713,232
Bruce Degenhardt,15956.227,2475.1560999999997,256
Ashley Jarboe,15947.948,3006.7032,195
Michael Chen,15939.612019999999,1213.00542,185
Ruben Ausman,15938.76708,3320.46868,240
Jim Radford,15923.1256,-760.4169000000002,143
Paul Gonzalez,15922.9882,1620.1805,337
Nora Preis,15917.0555,375.5512000000001,247
Muhammed Lee,15844.72116,2314.36396,236
Pauline Johnson,15843.53916,2102.4930600000002,222
Russell D'Ascenzo,15816.98032,1230.36572,231
Neola Schneider,15797.142740000001,-687.4442600000002,292
Katrina Willman,15747.2556,3107.0105999999996,193
Nora Paige,15710.88426,3035.66246,164
Jack Garza,15709.50388,-922.2610199999998,206
Susan Vittorini,15685.4387,668.4789000000002,229
Hallie Redmond,15677.251,1705.2724,206
Cathy Hwang,15668.17456,2671.5096599999997,225
Cyra Reiten,15658.56256,3312.72046,188
Sarah Foster,15652.9454,829.7640000000004,256
Roy Französisch,15649.19768,2841.73178,272
Julie Kriz,15647.78664,1894.19924,216
Luke Schmidt,15599.397219999999,1653.9682200000002,208
Corinna Mitchell,15578.556680000002,-955.0624199999997,174
Marina Lichtenstein,15556.479479999998,1284.23268,205
Heather Kirkland,15543.4091,2494.9302000000002,204
Thea Hendricks,15541.0626,1952.4960999999998,193
Max Ludwig,15533.6044,1837.7615999999998,216
Liz MacKendrick,15529.853,1868.151,205
Ed Braxton,15523.9141,1488.6075999999998,230
Gene Hale,15487.2962,2295.9524,208
Scot Wooten,15478.59382,1948.3596199999997,209
Alejandro Ballentine,15466.2184,758.6138999999997,207
Adam Shillingsburg,15444.676720000001,1421.2741199999998,238
Heather Jas,15434.0162,2618.261,227
Marc Harrigan,15404.03666,2316.01286,255
Guy Phonely,15403.832,1250.1096,256
Anna Gayman,15391.967,923.0616999999999,249
Daniel Byrd,15389.4637,1656.9395,209
Bruce Geld,15381.7965,1426.6283999999996,198
Greg Maxwell,15356.444,-11.3584999999993,203
Thea Hudgings,15353.79368,2265.68778,222
Tom Zandusky,15346.8114,367.4914000000002,222
Meg Tillman,15346.1068,793.4146000000001,197
Tom Stivers,15344.996599999999,2364.9883,240
Bradley Talbott,15344.099,1453.6353,188
Erin Mull,15321.55558,3939.46018,216
Roger Barcio,15306.1556,2879.5411,150
George Zrebassa,15292.1188,4105.5978000000005,200
Alan Haines,15279.75678,-592.2461199999997,258
Bill Donatelli,15275.317,1622.6797,232
Gary Hansen,15269.815980000001,613.8054799999998,270
Jennifer Braxton,15257.5339,2451.8621,235
Dianna Arnett,15247.41826,-297.83134000000007,241
Hilary Holden,15229.30782,2432.32402,242
Becky Castell,15185.489,2485.9604000000004,300
Maris LaWare,15174.838300000001,1154.1427999999999,193
Anthony Witt,15147.25552,1216.4120199999998,244
Roland Schwarz,15106.271279999999,3472.16638,175
Trudy Brown,15076.9491,1500.6631000000002,230
Alex Grayson,15067.05118,1006.97208,250
Thomas Thornton,15050.96416,1661.20726,234
Michael Nguyen,15046.26412,1392.17082,212
Chuck Clark,15039.16256,2940.5108599999994,229
Ann Chong,15028.15648,880.12778,264
Bobby Odegard,15027.84252,2556.82472,213
Anthony O'Donnell,15022.803600000001,1093.0996,228
Paul Lucas,15015.9286,2006.5049000000001,173
Shui Tom,15007.27106,2234.1029599999997,207
Rachel Payne,14999.9289,1902.7220999999997,242
Julie Creighton,14994.04488,-1889.10592,228
Ben Wallace,14968.18508,2352.20638,219
Eva Jacobs,14956.8346,2794.5690999999997,174
Alyssa Tate,14942.2985,2795.5313,185
Carlos Soltero,14937.04334,-1000.0759599999998,221
Lauren Leatherbury,14936.93606,894.9398600000001,220
Duane Noonan,14914.292000000001,233.54250000000044,187
Darren Koutras,14905.4005,1287.9167000000002,226
Brian Thompson,14895.1231,1795.5495,218
Patrick Bzostek,14863.06974,1743.07944,210
Cynthia Voltz,14852.982600000001,1910.1064999999996,181
James Lanier,14852.962459999999,1701.1711599999999,174
Becky Pak,14806.92346,3576.2071599999995,221
Richard Bierner,14797.22952,-1125.6565799999998,224
Candace McMahon,14794.6744,-2798.7906,172
MaryBeth Skach,14791.84836,1987.3791600000004,187
Neil Ducich,14784.42172,3168.8535199999997,195
Roger Demir,14736.237500000001,3037.0108999999998,269
Dorris liebe,14721.8194,1851.7062,162
Mark Hamilton,14721.64572,527.04702,203
Erica Smith,14720.050940000001,3127.3764399999995,220
Aleksandra Gannaway,14717.1862,773.1466000000003,206
Claire Gute,14661.67402,2566.57842,184
Roy Phan,14612.2234,138.8542,254
Sarah Bern,14598.174,2366.9598,158
Julie Prescott,14596.1586,3479.0402,241
Larry Blacks,14583.989220000001,1664.4919199999997,221
Eleni McCrary,14582.60704,1897.3695399999997,166
Chloris Kastensmidt,14575.90484,965.8129399999998,327
Valerie Mitchum,14567.10032,-1645.79878,219
Michael Grace,14533.010620000001,-117.61078000000042,211
Thomas Seio,14530.27092,2349.54862,218
Elizabeth Moffitt,14506.33616,1988.0723600000001,194
Cynthia Delaney,14498.9025,2154.3026999999997,228
Tamara Manning,14459.6286,1928.1339,200
Michael Kennedy,14447.4039,-210.63999999999953,292
Patrick Jones,14440.907,4019.1325,155
Ricardo Sperren,14432.58948,1823.6508800000001,208
Chris Selesnick,14413.7293,2602.5059,304
Don Weiss,14383.002,425.7091999999999,212
Carl Weiss,14353.9416,3007.3994000000002,218
Frank Atkinson,14349.6348,1496.1937,229
Paul MacIntyre,14342.4504,1178.3951999999997,148
Patrick Ryan,14329.260820000001,409.12542,283
Lindsay Castell,14299.4995,1420.7137000000002,179
Tamara Willingham,14255.0056,3275.0801,194
Kelly Lampkin,14248.4477,738.7484000000001,279
Craig Yedwab,14221.5023,1542.2429999999997,200
Skye Norling,14218.814,-2637.9805000000006,232
Aaron Smayling,14212.6284,369.1617999999998,211
Jennifer Patt,14210.38782,2079.42932,277
Ed Ludwig,14207.254,1155.5394000000001,260
Stefanie Holloman,14205.7258,1978.1796000000002,202
Jill Matthias,14176.18,1716.7323999999999,198
Carol Triggs,14138.57504,2437.80334,173
Dean Braden,14130.6169,1425.8077999999998,250
Ricardo Emerson,14040.49518,2643.6801800000003,181
Katrina Bavinger,14024.6405,618.2365000000002,247
Ralph Kennedy,14000.04458,-1555.7894199999998,208
Greg Hansen,13998.520620000001,1584.6696200000001,240
Carl Jackson,13970.26496,1957.4269600000002,168
Jim Epp,13949.5474,1371.9133,199
Bart Folk,13942.7317,2084.5089,208
Christy Brittain,13938.11536,2087.08366,194
Kimberly Carter,13923.12304,2144.9627399999995,212
Greg Guthrie,13903.38476,1523.5232599999997,279
Pauline Webber,13891.06046,1944.80136,242
Neil Knudson,13878.543,3040.5326999999997,222
Neoma Murray,13869.136,3142.6994999999997,240
Doug Jacobs,13854.078,2675.7544,198
Georgia Rosenberg,13850.58654,496.2797400000003,212
Sheri Gordon,13816.9473,2338.9888000000005,210
George Ashbrook,13807.06132,792.3443199999998,216
Doug O'Connell,13772.73292,1816.7345199999997,222
Ryan Akin,13740.615300000001,896.7278000000005,172
Eudokia Martin,13723.2597,1764.7839,191
Chuck Magee,13713.28608,1476.6556799999998,224
Natalie DeCherney,13703.38482,2620.28132,223
Frank Hawley,13682.63,3547.5756,160
David Smith,13632.547999999999,1713.4145,219
Justin Ritter,13623.249,1306.7559999999999,184
Duane Benoit,13604.77684,1417.79834,147
Greg Matthias,13601.01144,-1337.9200600000001,235
Maya Herman,13590.96604,1470.52944,220
Berenike Kampe,13586.25136,2447.6789599999997,221
Ralph Ritter,13585.89038,2838.98338,143
Bryan Davis,13573.39126,1528.2702600000002,228
Jason Gross,13570.6979,2254.6355000000003,224
Katrina Edelman,13551.138719999999,1286.5474199999999,257
Lori Olson,13537.508600000001,1788.7198,232
Maureen Fritzler,13528.44134,1420.8858399999997,199
Cassandra Brandow,13526.2086,208.82849999999942,227
Sanjit Jacobs,13523.281,1828.0039,268
Sung Pak,13498.088459999999,1750.68106,168
Dan Campbell,13438.5095,-70.48979999999975,231
Rick Huthwaite,13437.180960000002,1664.6644599999995,182
Cindy Stewart,13429.7464,-6151.558100000001,153
Luke Foster,13421.2385,-3644.347500000001,246
Alejandro Grove,13417.210219999999,2602.57212,255
Steve Nguyen,13406.180559999999,2384.85126,233
Jay Kimmel,13400.966040000001,1550.0478399999995,247
Phillip Flathmann,13389.4717,940.8555000000001,219
Annie Thurman,13387.7549,2659.7779,186
Shirley Jackson,13384.859,1581.8093000000001,215
Benjamin Farhat,13367.8575,641.3187999999999,228
Charles Crestani,13348.8466,1307.7990999999995,180
Jack O'Briant,13345.69,3045.2555,178
Joni Blumstein,13337.37896,1130.5061599999997,205
Sally Knutson,13291.82952,2975.51382,231
Tracy Poddar,13287.1713,1795.6599999999999,253
Darrin Sayre,13280.8085,1487.6673999999998,252
Mick Hernandez,13277.807,1488.1886,220
Astrea Jones,13262.74948,2531.35798,206
Carol Darley,13228.39046,1880.35726,218
Matt Connell,13227.6119,1366.9685,198
Barry Französisch,13208.2773,940.1213000000001,191
Michael Granlund,13181.3769,-999.7798999999997,226
Linda Southworth,13146.15176,-67.8519400000003,201
Bradley Drucker,13141.8965,2381.066,181
Sonia Sunley,13121.8064,2370.1265,213
Naresj Patel,13115.177,1804.326,211
Tracy Hopkins,13092.7363,-733.7475000000005,189
Roland Fjeld,13089.217700000001,1123.5285,210
Michelle Moray,13088.498000000001,1262.7827000000002,210
Jim Kriz,13065.879500000001,2754.2758,157
Sally Matthias,13063.9675,1528.3608000000002,170
Pete Takahito,13056.813,609.7001999999999,184
Christine Kargatis,13053.19332,1380.7132199999999,245
Alan Barnes,13049.041000000001,2436.066,232
Corey-Lock,13046.867760000001,1196.0399599999998,238
Toby Gnade,13019.6486,2986.457,221
Matthew Grinstein,13018.97968,2205.32168,199
Erica Hernandez,13004.6121,794.6512999999999,199
Sharelle Roach,13002.45694,-2551.188460000001,206
Mark Packer,12986.9128,2172.9781,214
Shahid Hopkins,12978.20384,1059.2329399999996,223
Speros Goranitis,12944.60556,1541.10256,224
Lena Hernandez,12939.16928,997.3899799999998,229
Justin Ellison,12908.43436,2928.30396,178
Parhena Norris,12892.57522,2205.46282,213
Nick Radford,12891.90158,1669.96578,212
Suzanne McNair,12889.08614,1170.85834,212
Bradley Nguyen,12879.02752,2544.06892,244
Tom Prescott,12877.67182,346.18721999999974,175
Robert Marley,12867.0545,2542.2423,162
Doug Bickford,12855.6088,2967.68,209
Ivan Liston,12855.501760000001,1181.0727599999998,221
Michelle Huthwaite,12849.1285,861.1837,191
Beth Paige,12832.23978,1958.0990799999995,186
Charlotte Melton,12826.542220000001,117.79152000000015,212
Deanra Eno,12800.279999999999,1735.4974000000002,179
Cindy Schnelling,12774.6265,188.87189999999984,197
Mike Kennedy,12740.3848,758.5965999999999,278
Jennifer Halladay,12689.6723,1590.6942000000001,249
Dan Lawera,12688.682100000002,426.0349999999995,270
Susan Gilcrest,12685.08186,541.3085600000002,192
Neil Französisch,12649.920900000001,2920.0567,186
Tony Chapman,12630.28056,1401.12856,227
Dorothy Wardle,12604.9176,870.5570000000001,289
Vicky Freymann,12602.485,26.112999999999918,179
Robert Waldorf,12599.137999999999,2137.0023,214
Deborah Brumfield,12576.5995,1640.2389,193
Giulietta Baptist,12570.90438,1633.26568,234
Ken Dana,12554.423620000001,1750.72552,224
Jamie Kunitz,12534.601200000001,2763.7821999999996,207
Scott Cohen,12532.7104,1222.6707999999999,242
Chad Cunningham,12520.17124,2622.6274399999998,216
Christopher Schild,12514.53436,2080.04256,197
Henia Zydlo,12486.8208,741.4828999999996,174
Duane Huffman,12479.1525,2151.1435,177
Matt Abelman,12441.95788,519.9034800000001,255
Zuschuss Donatelli,12430.5704,201.7371,174
Toby Ritter,12428.903059999999,2436.90546,205
Frank Carlisle,12408.4468,2780.791,177
Chad Sievert,12348.499,-4.0671000000000355,185
Nick Crebassa,12305.249,1335.3779999999997,149
Alyssa Crouse,12297.369700000001,444.03550000000007,180
John Castell,12295.27204,1858.38624,178
Cathy Armstrong,12292.758,1869.7698999999998,207
Anthony Johnson,12282.657,2478.5824,259
Nicole Fjeld,12267.23752,1371.5486199999998,163
Matt Hagelstein,12217.97978,274.8909800000002,174
Katherine Hughes,12204.8744,1842.3875000000003,225
Xylona Preis,12198.9506,1304.7225999999998,213
Daniel Lacy,12196.6768,1108.4399999999998,219
John Stevenson,12189.097099999999,491.3969000000007,169
Jennifer Jackson,12187.0514,1022.6991999999999,152
George Bell,12183.653,656.2901000000003,185
Brendan Sweed,12178.03602,2045.68872,207
Cari Schnelling,12174.598820000001,1319.8943199999999,162
Victor Preis,12061.269,2232.7958,199
Brendan Murry,12055.31508,282.13468,157
Luke Weiss,12051.50544,849.3825400000002,193
Mick Crebagga,12013.086599999999,336.14980000000014,228
Nat Gilpin,12009.19936,2806.44286,186
Eric Barreto,11967.4679,2091.7421000000004,150
Pamela Coakley,11940.05644,-420.1025600000001,159
Michelle Arnett,11934.45734,1102.67554,199
Annie Zypern,11871.078,924.3603,215
Sandra Glassco,11853.2314,2883.7084,148
Karen Bern,11846.018,2319.0705999999996,174
Kelly Williams,11833.7753,2371.1463,234
Don Miller,11831.64768,-273.4155200000004,196
Lisa DeCherney,11823.34064,1165.43804,181
Ann Steele,11815.9495,2091.0534,164
Herbert Flentye,11812.8429,-653.1278999999997,241
Thomas Brumley,11801.84152,2052.3113200000003,147
Bill Tyler,11796.377,2544.9303,183
Clay Rozendal,11757.5765,1945.9958,164
Lycoris Saunders,11741.51948,1377.40468,223
Lynn Smith,11712.139000000001,1498.1313999999998,201
Toby Braunhardt,11701.33466,1247.4613599999998,212
Katherine Ducich,11693.500399999999,2428.8306,141
Anthony Garverick,11684.3115,175.30649999999997,227
Brad Thomas,11682.02454,939.6279399999997,233
Matt Collister,11672.901679999999,1907.1887800000002,194
Dennis Pardue,11658.9212,2688.1890000000003,170
Beth Thompson,11627.779999999999,863.9258000000001,234
Chris McAfee,11620.621000000001,1887.6977,139
John Dryer,11590.821759999999,-1198.71274,173
Rob Beeghly,11548.392,1495.9239000000005,241
David Flashing,11542.0359,363.07219999999995,169
Erin Ashbrook,11518.87572,868.0601199999999,246
Mark Van Huff,11515.9033,1810.6390999999999,181
Craig Carreira,11496.6099,-280.9817000000003,210
Anemone Ratner,11489.92732,1994.65032,178
Chris Cortes,11482.9148,2505.8886,268
Laurel Elliston,11478.7737,2025.0286,199
Ken Brennan,11463.6947,1046.2451,178
Vivek Sundaresam,11411.989,1586.6186999999998,143
Stuart Calhoun,11410.5646,1276.3537999999999,168
Adrian Hane,11405.917879999999,2081.37928,207
Philip Brown,11385.69856,1271.84916,240
Jeremy Lonsdale,11361.035,1186.2773000000002,169
Angele Hood,11358.1131,1610.0721,170
Joy Daniels,11343.4093,-604.4102000000003,221
Andy Gerbode,11339.639,169.38970000000015,139
Mark Haberlin,11302.8258,1552.0084,216
Peter McVee,11286.9559,1018.6376,149
Adrian Shami,11286.0542,1564.4937999999997,144
Sung Chung,11266.74502,1696.6987199999999,184
Sandra Flanagan,11257.175,1865.6512999999998,180
Jocasta Rupert,11241.48276,932.5277599999998,129
Craig Molinari,11230.8429,1210.3412999999998,179
Julia Dunbar,11224.48096,564.9030600000001,142
Brooke Gillingham,11212.17038,417.31987999999967,153
Patricia Hirasaki,11182.4063,2743.6261,135
Stephanie Phelps,11148.76344,1682.80564,170
Mary O'Rourke,11125.2782,519.0088999999999,187
Tracy Collins,11103.0321,382.99710000000044,192
Lena Cacioppo,11080.34336,1176.76826,241
Dorothy Dickinson,11072.8788,1399.6512,234
Sam Craven,11055.804,1116.0095999999999,245
Arthur Wiediger,11013.01356,2680.9669599999997,175
Gary Mitchum,11012.079,2872.1064,148
Gene McClure,11002.555620000001,1553.2521199999999,175
Harold Engle,10993.81722,1710.43802,240
Lindsay Williams,10981.6205,1486.9264,179
Khloe Miller,10973.8066,847.8976999999998,216
Joni Wasserman,10948.628700000001,657.1068,226
David Wiener,10930.5431,1739.0983,187
Brendan Dodson,10920.79974,2024.70374,148
Laurel Workman,10872.60924,1148.80494,181
Tracy Zic,10858.5418,-80.11550000000013,163
Nancy Lomonaco,10838.6528,-566.9291000000002,162
Jay Fein,10819.33,-1874.6750000000002,215
Stephanie Ulpright,10773.594000000001,510.25190000000015,235
Brian DeCherney,10768.597020000001,984.4239199999997,207
Fred Harton,10765.00982,2888.03482,138
Nathan Cano,10759.22,-724.9872,148
Frank Preis,10755.6322,937.1934999999996,211
Victoria Brennan,10744.68,908.5637999999998,184
Jeremy Farry,10721.91786,1200.1025599999998,178
Muhammed MacIntyre,10720.999,2166.4666,187
Kristina Nunn,10715.636,1698.5085,148
Michelle Ellison,10708.131920000002,655.21832,148
Ed Jacobs,10697.404,1209.9476,143
Alan Shonely,10693.17636,1175.45416,246
Dean Katz,10654.4526,1007.0980000000001,202
Pauline Chand,10634.4953,833.3309,169
Dennis Bolton,10611.344360000001,1922.7168599999998,196
Cyma Kinney,10590.7544,525.3842999999999,211
Beth Fritzler,10588.57264,661.4528400000003,196
Christine Sundaresam,10548.057,-1.1517999999999364,188
John Lucas,10501.278,354.24660000000017,169
Karen Carlisle,10416.3223,1979.5,198
Helen Andreada,10411.0721,1561.1585999999998,209
Bobby Trafton,10396.540500000001,-469.7910999999999,172
Pete Armstrong,10393.81376,1555.35456,193
Dorothy Badders,10386.3324,1242.2766,177
Barry Pond,10385.32876,2090.96176,176
Michelle Lonsdale,10368.494999999999,1962.8392000000003,149
Eric Hoffmann,10351.42602,2250.05482,229
Christina VanderZanden,10325.50918,605.33728,185
Ross DeVincentis,10305.88796,1939.8944600000002,270
Vivek Gonzalez,10294.7785,-364.42469999999975,167
Guy Armstrong,10278.3415,771.9774,208
Carlos Meador,10148.3064,2206.362,150
Jill Stevenson,10141.3295,-161.19350000000003,156
Bart Pistole,10087.5376,984.2586999999997,243
Nona Balk,10081.8206,1453.4044999999999,162
Maurice Satty,10030.09026,1152.7430599999998,194
Harold Ryan,10029.09236,1456.03576,130
Sonia Cooley,10013.444300000001,938.0016,214
Rob Williams,9985.9343,2252.2208,144
Trudy Schmidt,9978.3372,1025.6194999999998,182
Max Engle,9923.7616,673.2611999999999,224
Peter Bühler,9895.989,1936.1846999999998,161
Brian Dahlen,9892.30214,1425.66744,160
Barry Blumstein,9886.8207,299.4245999999998,211
Barbara Fisher,9835.0112,1833.7316,193
Tim Taslimi,9779.68,1284.8361999999997,150
Frank Gastineau,9704.7165,1034.1122,156
Darren Budd,9679.2392,586.9648999999994,98
Todd Boyes,9643.275,772.0140000000001,234
Shaun Chance,9606.51626,357.01936000000006,185
Tanja Norvell,9597.61404,-706.18216,179
Ryan Crowe,9537.8341,2124.0154,161
Allen Rosenblatt,9527.93078,-552.2818199999999,168
Ionia McGrath,9479.78976,2447.97986,129
Erica Hackney,9479.5736,1556.9195,171
Liz Pelletier,9463.3275,-265.57720000000006,197
Edward Becker,9429.144,1487.1539999999998,188
Lindsay Shagiari,9363.0997,1778.0723999999998,192
Mike Caudle,9359.053,796.6315,214
Clay Cheatham,9342.05034,1524.54894,191
Fred Chung,9321.68964,1496.69624,156
Arianne Irving,9278.5763,1538.1774,176
Sylvia Foulston,9253.9828,1895.183,154
Amy Hunt,9198.65668,718.3349799999997,143
Troy Blackwell,9190.059,1438.6508999999999,163
Lisa Hazard,9162.9978,1338.0789,182
Guy Thornton,9059.28452,784.17932,195
Justin MacKendrick,9026.0566,1519.7949999999998,170
Ken Heidel,9016.57056,1505.9731599999998,204
Anna Chung,8931.70908,-272.12732,152
Allen Goldenen,8926.1216,447.2650000000001,178
Jas O'Carroll,8818.4151,1905.7893000000001,164
Larry Hughes,8690.740200000002,641.2018999999995,179
Kalyca Meade,8645.9146,369.53229999999985,172
Susan MacKendrick,8630.474400000001,1528.2749000000001,133
Andy Reiter,8545.5505,3139.0833,89
Andy Yotov,8543.03044,2290.97634,163
Harold Pawlan,8518.1215,880.2212,157
Pierre Wener,8423.6698,1942.2988,189
Kean Thornton,8360.3921,-617.9192,123
Shaun Weien,8243.2682,1163.569,113
Paul Knutson,8231.03756,-308.48944,126
Jesus Ocampo,8206.674,582.7568999999999,175
Sean Wendt,8167.70344,1031.5477399999997,149
Roy Skaria,8122.39278,1463.42858,209
Bill Overfelt,8092.4907,415.2196999999999,158
Liz Willingham,8046.61,1400.0412,126
Evan Bailliet,8004.0591,565.6232000000001,176
Rob Haberlin,7970.16556,1222.3716599999998,144
Roy Collins,7954.1133,737.7457,172
Theresa Swint,7936.012,1134.0224,195
Shirley Schmidt,7905.151620000001,416.34612,150
Christine Abelman,7802.29086,867.1586599999999,113
Jessica Myrick,7790.2300000000005,1358.9264999999998,168
Tamara Dahlen,7704.5655,-948.1227999999999,184
Fred McMath,7441.9377,1015.5115000000002,142
Roland Murray,7404.1858600000005,1250.33376,118
Sibella Parks,7219.5187,749.227,144
Eileen Kiefer,7128.4292,765.4778000000001,127
Edward Nazzal,7068.7724,237.69949999999977,147
Emily Burns,7035.855700000001,20.558199999999964,108
Jeremy Ellison,6819.254,1318.1716999999999,141
Joni Sundaresam,6802.106,11.973400000000128,145
Thais Sissman,6785.8894,1109.5608000000002,188
Erin Creighton,6731.551100000001,831.7726999999999,177
Allen Armold,6538.687,754.9194,169
David Bremer,6273.82662,-2270.69658,116
Robert Barroso,6256.1884,640.1234,143
Nicole Brennan,5935.0754,-691.4277999999999,93
Michael Oakman,5460.584,286.2586,79
Sung Shariari,5328.4648,-559.9772000000002,150
Karen Seio,5324.973180000001,1113.68218,147
Catherine Glotzbach,4115.2080000000005,-246.8394,120
Vivian Mathis,3892.2270000000003,656.9143,120
