Product Name,Total_Sales,Total_Profit,Total_Quantity
Cubify CubeX 3D Printer Double Head Print,11099.963,-8879.970400000002,9
Lexmark MX611dhe Monochrome Laser Printer,16829.900999999998,-4589.973000000004,18
"Motorola Smart Phone, Cordless",38931.042,-4447.0380000000005,74
Cubify CubeX 3D Printer Triple Head Print,7999.98,-3839.990399999999,4
"Bevis Round Table, Adjustable Height",5654.795999999999,-3649.8939999999993,22
"Bevis Computer Table, Fully Assembled",11177.896200000001,-3509.5638,43
"Rogers Lockers, Blue",28214.589200000002,-2893.4908,167
Chromcraft Bull-Nose Wood Oval Conference Tables & Bases,9917.64,-2876.1156000000005,27
"Bevis Wood Table, with Bottom Storage",11134.661999999998,-2782.587999999999,34
"Lesro Training Table, Rectangular",2711.6466,-2581.2834000000003,25
