,Missing Values,Missing Percentage
Postal Code,41296,80.51472021836615
Order ID,0,0.0
Order Date,0,0.0
Ship Date,0,0.0
Row ID,0,0.0
Ship Mode,0,0.0
Customer ID,0,0.0
Segment,0,0.0
Customer Name,0,0.0
City,0,0.0
State,0,0.0
Country,0,0.0
Market,0,0.0
Region,0,0.0
Product ID,0,0.0
Category,0,0.0
Sub-Category,0,0.0
Product Name,0,0.0
Sales,0,0.0
Quantity,0,0.0
Discount,0,0.0
Profit,0,0.0
Shipping Cost,0,0.0
Order Priority,0,0.0
Year,0,0.0
Month,0,0.0
Month_Name,0,0.0
Quarter,0,0.0
Shipping_Days,0,0.0
