Region,Total_Sales,Total_Profit,Total_Quantity,Average_Discount
Central,2822302.51994,311403.98163999995,41762,0.13885130880633265
South,1600907.04088,140355.76617999998,25206,0.14905011286681716
North,1248165.60252,194597.95252,18021,0.0960564263322884
Oceania,1100184.612,120089.112,12838,0.15316891310582162
Southeast Asia,884423.169,17852.32899999999,11822,0.2720773410035155
North Asia,848309.781,165578.421,8851,0.04871685201026519
EMEA,806161.311,43897.97100000001,11517,0.19608272022270828
Africa,783773.211,88871.63100000001,10564,0.1567037279267495
Central Asia,752826.567,132480.187,7715,0.06748046875
West,725457.8245,108418.44889999997,12266,0.10933499843896347
East,678781.24,91522.77999999998,10618,0.14536516853932585
Caribbean,324280.86104,34571.32104,6299,0.13575147928994083
Canada,66928.17,17817.39,833,0.0
